Model,Encoding,Boundary,Imbalanced,Precision(Train),Recall(Train),F1 Score(Train),ROC-AUC(Train),Precision(Test),Recall(Test),F1 Score(Test),ROC-AUC(Test)
RF,Original,SIGMA,AllKNN_all,0.9997428578775489,0.9735326522435898,0.9864636853790041,0.9996399813792671,0.12719518314099348,0.030012431184514295,0.048565544326835575,0.6207301342248489
