Model,Encoding,Boundary,Imbalanced,Precision(Train),Recall(Train),F1 Score(Train),ROC-AUC(Train),Precision(Test),Recall(Test),F1 Score(Test),ROC-AUC(Test)
RF,Original,SIGMA,AllKNN_all,0.9997428578775488,0.9735326522435898,0.986463685379004,0.9996399813792672,0.1271951831409934,0.0300124311845142,0.0485655443268355,0.6207301342248489
RF,Original,QUANTILE,KMeansSMOTE,0.9987177896347769,0.9966642410307526,0.997689958627381,0.999940572744336,0.13568627450980392,0.02075086961736836,0.0359966708281315,0.6092286412439715
