Model,Encoding,Boundary,Imbalanced,Precision(Train),Recall(Train),F1 Score(Train),ROC-AUC(Train),Precision(Test),Recall(Test),F1 Score(Test),ROC-AUC(Test)
RF,Original,SIGMA,AllKNN_all,0.9997428578775488,0.9735326522435898,0.986463685379004,0.9996399813792672,0.1271951831409934,0.0300124311845142,0.0485655443268355,0.6207301342248489
RF,Original,QUANTILE,KMeansSMOTE,0.9987177896347768,0.9966642410307526,0.997689958627381,0.999940572744336,0.1356862745098039,0.0207508696173683,0.0359966708281315,0.6092286412439715
AdaBoost,Original,SIGMA,EditedNearestNeighbours_all,0.0,0.0,0.0,0.6542813958703029,1.0,5.997361161089121e-05,0.0001199400299850075,0.6470118238283745
GB,Original,SIGMA,EditedNearestNeighbours_all,1.0,0.00012800819252432156,0.0002559836170485089,0.6638682955891008,0.5,5.997361161089121e-05,0.00011993283761093787,0.654073621353341
